{
	// ----- Data Select Sprites ----- //

	// Character selection icons
	"dataSel_character_sonic&tails":  { "File": "dataSel_character_sonic&tails.png", "Rect": "0,0,54,47", "Center": "24,22" },	// If this doesnt exist, it falls back to "dataSel_character_sonic" and "dataSel_character_tails"
	"dataSel_character_sonic":  { "File": "dataSel_character_sonic.png", "Center": "17,20" },
	"dataSel_character_tails":  { "File": "dataSel_character_tails.png", "Center": "26,24" },
	"dataSel_character_knuckles":  { "File": "dataSel_character_knuckles.png", "Center": "13,20" },
	"dataSel_character_knuckles&tails":  { "File": "dataSel_character_knuckles&tails.png", "Rect": "0,0,58,42", "Center": "26,22" },	// If this doesnt exist, it falls back to "dataSel_character_knuckles" and "dataSel_character_tails"

	// Character life and continue icons in deta select screen
	"dataSel_lifeContinue_sonic":  { "File": "dataSel_lifeContinue.png", "Rect": "2,4,24,40" },
	"dataSel_lifeContinue_tails":  { "File": "dataSel_lifeContinue.png", "Rect": "28,4,24,40" },
	"dataSel_lifeContinue_knuckles":  { "File": "dataSel_lifeContinue.png", "Rect": "56,4,24,40" },

	// Character portraits for finished save files
	"dataSel_savePortrait_sonic":  { "File": "dataSel_savePortrait_sonic.png", "Rect": "0,0,80,56" },
	"dataSel_savePortrait_sonicSuper":  { "File": "dataSel_savePortrait_sonicSuper.png", "Rect": "0,0,80,56" },
	"dataSel_savePortrait_tails":  { "File": "dataSel_savePortrait_tails.png", "Rect": "0,0,80,56" },
	"dataSel_savePortrait_tailsSuper":  { "File": "dataSel_savePortrait_tailsSuper.png", "Rect": "0,0,80,56" },
	"dataSel_savePortrait_knuckles":  { "File": "dataSel_savePortrait_knuckles.png", "Rect": "0,0,80,56" },
	"dataSel_savePortrait_knucklesSuper":  { "File": "dataSel_savePortrait_knucklesSuper.png", "Rect": "0,0,80,56" },
	"dataSel_savePortrait_end":  { "File": "dataSel_savePortrait_end.png", "Rect": "0,0,80,56"},
	"dataSel_savePortrait_new":  { "File": "dataSel_savePortrait_new.png", "Rect": "0,0,80,56"},

	// Save slot borders
	"dataSel_nosaveBorder":  { "File": "dataSel_nosaveBorder.png" },
	"dataSel_saveBorder":  { "File": "dataSel_saveBorder.png" },
	"dataSel_saveBorder_S3":  { "File": "dataSel_saveBorder_S3.png" },

	// Red labels
	"dataSel_saveLabel_NOSAVE":  { "File": "dataSel_saveLabel.png", "Rect": "8,8,56,8" },
	"dataSel_saveLabel_DELETE":  { "File": "dataSel_saveLabel.png", "Rect": "8,24,48,8" },
	"dataSel_saveLabel_CLEAR":  { "File": "dataSel_saveLabel.png", "Rect": "74,24,40,8" },
	"dataSel_saveLabel_ZONE":  { "File": "dataSel_saveLabel.png", "Rect": "82,8,32,8" },
	"dataSel_saveLabel_ZONE_number_01":  { "File": "dataSel_saveLabel.png", "Rect": "8,40,16,8" },
	"dataSel_saveLabel_ZONE_number_02":  { "File": "dataSel_saveLabel.png", "Rect": "8,56,16,8" },
	"dataSel_saveLabel_ZONE_number_03":  { "File": "dataSel_saveLabel.png", "Rect": "8,72,16,8" },
	"dataSel_saveLabel_ZONE_number_04":  { "File": "dataSel_saveLabel.png", "Rect": "8,88,16,8" },
	"dataSel_saveLabel_ZONE_number_05":  { "File": "dataSel_saveLabel.png", "Rect": "8,104,16,8" },
	"dataSel_saveLabel_ZONE_number_06":  { "File": "dataSel_saveLabel.png", "Rect": "8,120,16,8" },
	"dataSel_saveLabel_ZONE_number_07":  { "File": "dataSel_saveLabel.png", "Rect": "8,136,16,8" },
	"dataSel_saveLabel_ZONE_number_08":  { "File": "dataSel_saveLabel.png", "Rect": "82,40,16,8" },
	"dataSel_saveLabel_ZONE_number_09":  { "File": "dataSel_saveLabel.png", "Rect": "82,56,16,8" },
	"dataSel_saveLabel_ZONE_number_10":  { "File": "dataSel_saveLabel.png", "Rect": "82,72,16,8" },
	"dataSel_saveLabel_ZONE_number_11":  { "File": "dataSel_saveLabel.png", "Rect": "82,88,16,8" },
	"dataSel_saveLabel_ZONE_number_12":  { "File": "dataSel_saveLabel.png", "Rect": "82,104,16,8" },
	"dataSel_saveLabel_ZONE_number_13":  { "File": "dataSel_saveLabel.png", "Rect": "82,120,16,8" },
	"dataSel_saveLabel_ZONE_number_14":  { "File": "dataSel_saveLabel.png", "Rect": "82,136,16,8" },

	// Digits for data select lives and continues
	"dataSel_digit_0":  { "File": "dataSel_lifeContinue.png", "Rect": "0,48,8,16" },
	"dataSel_digit_1":  { "File": "dataSel_lifeContinue.png", "Rect": "8,48,8,16" },
	"dataSel_digit_2":  { "File": "dataSel_lifeContinue.png", "Rect": "16,48,8,16" },
	"dataSel_digit_3":  { "File": "dataSel_lifeContinue.png", "Rect": "24,48,8,16" },
	"dataSel_digit_4":  { "File": "dataSel_lifeContinue.png", "Rect": "32,48,8,16" },
	"dataSel_digit_5":  { "File": "dataSel_lifeContinue.png", "Rect": "40,48,8,16" },
	"dataSel_digit_6":  { "File": "dataSel_lifeContinue.png", "Rect": "48,48,8,16" },
	"dataSel_digit_7":  { "File": "dataSel_lifeContinue.png", "Rect": "56,48,8,16" },
	"dataSel_digit_8":  { "File": "dataSel_lifeContinue.png", "Rect": "64,48,8,16" },
	"dataSel_digit_9":  { "File": "dataSel_lifeContinue.png", "Rect": "72,48,8,16" },

	// These arent used.. yet(?)
	"dataSel_lifeContinue_sonic&tails":  { "File": "dataSel_lifeContinue.png", "Rect": "2,4,24,40" },
	"dataSel_lifeContinue_knuckles&tails":  { "File": "dataSel_lifeContinue.png", "Rect": "56,4,24,40" }
}
