{
	"character_sonic_0x01":  { "File": "character_sonic.bmp", "Rect": "56,98,40,46", "Center": "20,26" },
	"character_sonic_0x02":  { "File": "character_sonic.bmp", "Rect": "112,99,39,45", "Center": "19,25" },
	"character_sonic_0x03":  { "File": "character_sonic.bmp", "Rect": "168,100,29,44", "Center": "17,24" },
	"character_sonic_0x04":  { "File": "character_sonic.bmp", "Rect": "214,97,29,47", "Center": "15,27" },
	"character_sonic_0x05":  { "File": "character_sonic.bmp", "Rect": "258,98,37,46", "Center": "18,26" },
	"character_sonic_0x06":  { "File": "character_sonic.bmp", "Rect": "312,99,38,45", "Center": "18,25" },
	"character_sonic_0x07":  { "File": "character_sonic.bmp", "Rect": "367,100,29,44", "Center": "17,24" },
	"character_sonic_0x08":  { "File": "character_sonic.bmp", "Rect": "8,97,31,47", "Center": "19,27" },
	"character_sonic_0x21":  { "File": "character_sonic.bmp", "Rect": "674,108,37,36", "Center": "19,18" },
	"character_sonic_0x22":  { "File": "character_sonic.bmp", "Rect": "621,109,37,35", "Center": "19,18" },
	"character_sonic_0x23":  { "File": "character_sonic.bmp", "Rect": "674,108,37,36", "Center": "19,18" },
	"character_sonic_0x24":  { "File": "character_sonic.bmp", "Rect": "621,109,37,35", "Center": "19,18" },
	"character_sonic_0x31":  { "File": "character_sonic.bmp", "Rect": "8,436,31,44", "Center": "15,22" },
	"character_sonic_0x32":  { "File": "character_sonic.bmp", "Rect": "56,445,29,35", "Center": "15,17" },
	"character_sonic_0x33":  { "File": "character_sonic.bmp", "Rect": "102,451,27,29", "Center": "14,15" },
	"character_sonic_0x34":  { "File": "character_sonic.bmp", "Rect": "145,448,30,32", "Center": "15,16" },
	"character_sonic_0x35":  { "File": "character_sonic.bmp", "Rect": "191,445,27,35", "Center": "14,17" },
	"character_sonic_0x36":  { "File": "character_sonic.bmp", "Rect": "235,436,27,44", "Center": "14,22" },
	"character_sonic_0x37":  { "File": "character_sonic.bmp", "Rect": "278,435,35,45", "Center": "17,22" },
	"character_sonic_0x38":  { "File": "character_sonic.bmp", "Rect": "329,444,26,36", "Center": "13,18" },
	"character_sonic_0x39":  { "File": "character_sonic.bmp", "Rect": "372,448,29,32", "Center": "15,16" },
	"character_sonic_0x3a":  { "File": "character_sonic.bmp", "Rect": "418,448,30,32", "Center": "15,16" },
	"character_sonic_0x3b":  { "File": "character_sonic.bmp", "Rect": "465,442,26,38", "Center": "13,19" },
	"character_sonic_0x3c":  { "File": "character_sonic.bmp", "Rect": "508,440,25,40", "Center": "12,20" },
	"character_sonic_0x55":  { "File": "character_sonic.bmp", "Rect": "96,163,34,45", "Center": "23,25" },
	"character_sonic_0x56":  { "File": "character_sonic.bmp", "Rect": "49,163,31,45", "Center": "19,25" },
	"character_sonic_0x57":  { "File": "character_sonic.bmp", "Rect": "49,163,31,45", "Center": "19,25" },
	"character_sonic_0x58":  { "File": "character_sonic.bmp", "Rect": "8,163,25,45", "Center": "12,25" },
	"character_sonic_0x59":  { "File": "character_sonic.bmp", "Rect": "326,163,31,45", "Center": "11,25" },
	"character_sonic_0x5a":  { "File": "character_sonic.bmp", "Rect": "281,163,28,45", "Center": "11,25" },
	"character_sonic_0x5b":  { "File": "character_sonic.bmp", "Rect": "240,163,25,45", "Center": "12,25" },
	"character_sonic_0x5c":  { "File": "character_sonic.bmp", "Rect": "422,391,49,25", "Center": "25,12" },
	"character_sonic_0x5d":  { "File": "character_sonic.bmp", "Rect": "487,395,31,21", "Center": "15,10" },
	"character_sonic_0x5e":  { "File": "character_sonic.bmp", "Rect": "534,393,40,23", "Center": "20,11" },
	"character_sonic_0x5f":  { "File": "character_sonic.bmp", "Rect": "590,391,49,25", "Center": "25,13" },
	"character_sonic_0x60":  { "File": "character_sonic.bmp", "Rect": "655,393,31,23", "Center": "15,12" },
	"character_sonic_0x61":  { "File": "character_sonic.bmp", "Rect": "702,393,36,23", "Center": "18,12" },
	"character_sonic_0x62":  { "File": "character_sonic.bmp", "Rect": "64,348,40,32", "Center": "20,16" },
	"character_sonic_0x78":  { "File": "character_sonic.bmp", "Rect": "275,304,41,47", "Center": "20,23" },
	"character_sonic_0x79":  { "File": "character_sonic.bmp", "Rect": "333,315,53,37", "Center": "26,19" },
	"character_sonic_0x7a":  { "File": "character_sonic.bmp", "Rect": "508,400,48,40", "Center": "26,23" },
	"character_sonic_0x7b":  { "File": "character_sonic.bmp", "Rect": "568,396,40,48", "Center": "27,18" },
	"character_sonic_0x7c":  { "File": "character_sonic.bmp", "Rect": "624,396,40,48", "Center": "23,22" },
	"character_sonic_0x7d":  { "File": "character_sonic.bmp", "Rect": "676,400,48,40", "Center": "20,13" },
	"character_sonic_0x7e":  { "File": "character_sonic.bmp", "Rect": "732,400,48,40", "Center": "23,17" },
	"character_sonic_0x7f":  { "File": "character_sonic.bmp", "Rect": "792,396,40,48", "Center": "13,28" },
	"character_sonic_0x80":  { "File": "character_sonic.bmp", "Rect": "57,507,35,51", "Center": "17,25" },
	"character_sonic_0x81":  { "File": "character_sonic.bmp", "Rect": "108,509,33,49", "Center": "16,25" },
	"character_sonic_0x82":  { "File": "character_sonic.bmp", "Rect": "157,509,28,49", "Center": "14,25" },
	"character_sonic_0x83":  { "File": "character_sonic.bmp", "Rect": "204,506,35,52", "Center": "18,26" },
	"character_sonic_0x84":  { "File": "character_sonic.bmp", "Rect": "256,507,30,51", "Center": "15,25" },
	"character_sonic_0x85":  { "File": "character_sonic.bmp", "Rect": "8,507,33,51", "Center": "16,25" },
	"character_sonic_0x86":  { "File": "character_sonic.bmp", "Rect": "469,181,30,27", "Center": "10,7" },
	"character_sonic_0x87":  { "File": "character_sonic.bmp", "Rect": "504,181,30,27", "Center": "10,7" },
	"character_sonic_0x88":  { "File": "character_sonic.bmp", "Rect": "539,181,30,27", "Center": "10,7" },
	"character_sonic_0x89":  { "File": "character_sonic.bmp", "Rect": "574,181,30,27", "Center": "10,7" },
	"character_sonic_0x8a":  { "File": "character_sonic.bmp", "Rect": "609,181,30,27", "Center": "10,7" },
	"character_sonic_0x8b":  { "File": "character_sonic.bmp", "Rect": "644,181,30,27", "Center": "10,7" },
	"character_sonic_0x8c":  { "File": "character_sonic.bmp", "Rect": "620,448,46,32", "Center": "23,16" },
	"character_sonic_0x8d":  { "File": "character_sonic.bmp", "Rect": "557,448,46,32", "Center": "23,16" },
	"character_sonic_0x8e":  { "File": "character_sonic.bmp", "Rect": "699,224,38,48", "Center": "19,24" },
	"character_sonic_0x8f":  { "File": "character_sonic.bmp", "Rect": "766,233,48,33", "Center": "24,16" },
	"character_sonic_0x90":  { "File": "character_sonic.bmp", "Rect": "8,304,37,48", "Center": "19,24" },
	"character_sonic_0x91":  { "File": "character_sonic.bmp", "Rect": "112,309,39,43", "Center": "19,24" },
	"character_sonic_0x92":  { "File": "character_sonic.bmp", "Rect": "168,312,41,40", "Center": "18,24" },
	"character_sonic_0x93":  { "File": "character_sonic.bmp", "Rect": "225,318,33,34", "Center": "19,24" },
	"character_sonic_0x94":  { "File": "character_sonic.bmp", "Rect": "690,303,29,49", "Center": "15,25" },
	"character_sonic_0x95":  { "File": "character_sonic.bmp", "Rect": "735,303,25,49", "Center": "12,24" },
	"character_sonic_0x96":  { "File": "character_sonic.bmp", "Rect": "679,178,30,30", "Center": "15,15" },
	"character_sonic_0x97":  { "File": "character_sonic.bmp", "Rect": "714,178,30,30", "Center": "15,15" },
	"character_sonic_0x98":  { "File": "character_sonic.bmp", "Rect": "749,178,30,30", "Center": "15,15" },
	"character_sonic_0x99":  { "File": "character_sonic.bmp", "Rect": "784,178,30,30", "Center": "15,15" },
	"character_sonic_0x9a":  { "File": "character_sonic.bmp", "Rect": "819,178,30,30", "Center": "15,15" },
	"character_sonic_0x9b":  { "File": "character_sonic.bmp", "Rect": "8,240,33,32", "Center": "18,12" },
	"character_sonic_0x9c":  { "File": "character_sonic.bmp", "Rect": "8,240,33,32", "Center": "18,12" },
	"character_sonic_0x9d":  { "File": "character_sonic.bmp", "Rect": "231,229,36,43", "Center": "18,21" },
	"character_sonic_0x9e":  { "File": "character_sonic.bmp", "Rect": "284,229,35,43", "Center": "17,21" },
	"character_sonic_0x9f":  { "File": "character_sonic.bmp", "Rect": "335,231,32,41", "Center": "14,19" },
	"character_sonic_0xa0":  { "File": "character_sonic.bmp", "Rect": "183,229,31,43", "Center": "15,21" },
	"character_sonic_0xa1":  { "File": "character_sonic.bmp", "Rect": "391,224,32,48", "Center": "19,28" },
	"character_sonic_0xa2":  { "File": "character_sonic.bmp", "Rect": "439,224,33,48", "Center": "20,28" },
	"character_sonic_0xa3":  { "File": "character_sonic.bmp", "Rect": "489,224,34,48", "Center": "21,28" },
	"character_sonic_0xa4":  { "File": "character_sonic.bmp", "Rect": "315,577,40,46", "Center": "20,25" },
	"character_sonic_0xa5":  { "File": "character_sonic.bmp", "Rect": "371,578,42,45", "Center": "21,24" },
	"character_sonic_0xa6":  { "File": "character_sonic.bmp", "Rect": "429,578,40,45", "Center": "19,24" },
	"character_sonic_0xa7":  { "File": "character_sonic.bmp", "Rect": "754,434,33,46", "Center": "16,23" },
	"character_sonic_0xa8":  { "File": "character_sonic.bmp", "Rect": "754,434,33,46", "Center": "16,23" },
	"character_sonic_0xa9":  { "File": "character_sonic.bmp", "Rect": "754,434,33,46", "Center": "16,23" },
	"character_sonic_0xaa":  { "File": "character_sonic.bmp", "Rect": "8,389,53,27", "Center": "26,13" },
	"character_sonic_0xab":  { "File": "character_sonic.bmp", "Rect": "83,389,52,27", "Center": "26,12" },
	"character_sonic_0xac":  { "File": "character_sonic.bmp", "Rect": "691,435,41,45", "Center": "20,22" },
	"character_sonic_0xad":  { "File": "character_sonic.bmp", "Rect": "318,35,36,45", "Center": "23,25" },
	"character_sonic_0xae":  { "File": "character_sonic.bmp", "Rect": "371,35,36,45", "Center": "23,25" },
	"character_sonic_0xaf":  { "File": "character_sonic.bmp", "Rect": "423,35,37,45", "Center": "24,25" },
	"character_sonic_0xb0":  { "File": "character_sonic.bmp", "Rect": "8,578,32,45", "Center": "22,25" },
	"character_sonic_0xb1":  { "File": "character_sonic.bmp", "Rect": "106,578,36,45", "Center": "22,25" },
	"character_sonic_0xb2":  { "File": "character_sonic.bmp", "Rect": "57,578,34,45", "Center": "21,25" },
	"character_sonic_0xb3":  { "File": "character_sonic.bmp", "Rect": "158,578,32,45", "Center": "21,25" },
	"character_sonic_0xb4":  { "File": "character_sonic.bmp", "Rect": "184,616,24,56", "Center": "11,26" },
	"character_sonic_0xb5":  { "File": "character_sonic.bmp", "Rect": "240,616,24,56", "Center": "11,26" },
	"character_sonic_0xb6":  { "File": "character_sonic.bmp", "Rect": "644,230,31,42", "Center": "20,22" },
	"character_sonic_0xb7":  { "File": "character_sonic.bmp", "Rect": "596,229,32,43", "Center": "21,23" },
	"character_sonic_0xb8":  { "File": "character_sonic.bmp", "Rect": "547,230,32,42", "Center": "21,23" },
	"character_sonic_0xb9":  { "File": "character_sonic.bmp", "Rect": "596,229,32,43", "Center": "21,23" },
	"character_sonic_0xba":  { "File": "character_sonic.bmp", "Rect": "8,35,34,45", "Center": "22,25" },
	"character_sonic_0xbb":  { "File": "character_sonic.bmp", "Rect": "59,35,33,45", "Center": "21,25" },
	"character_sonic_0xbc":  { "File": "character_sonic.bmp", "Rect": "160,35,35,45", "Center": "22,25" },
	"character_sonic_0xbd":  { "File": "character_sonic.bmp", "Rect": "212,35,37,45", "Center": "24,25" },
	"character_sonic_0xbe":  { "File": "character_sonic.bmp", "Rect": "265,35,36,45", "Center": "23,25" },
	"character_sonic_0xbf":  { "File": "character_sonic.bmp", "Rect": "532,35,37,45", "Center": "24,25" },
	"character_sonic_0xc0":  { "File": "character_sonic.bmp", "Rect": "585,35,36,45", "Center": "23,25" },
	"character_sonic_0xc1":  { "File": "character_sonic.bmp", "Rect": "12,680,32,40", "Center": "13,20" },
	"character_sonic_0xc2":  { "File": "character_sonic.bmp", "Rect": "68,680,32,40", "Center": "13,20" },
	"character_sonic_0xc3":  { "File": "character_sonic.bmp", "Rect": "57,229,41,43", "Center": "29,23" },
	"character_sonic_0xc4":  { "File": "character_sonic.bmp", "Rect": "115,232,43,40", "Center": "31,20" },
	"character_sonic_0xc5":  { "File": "character_sonic.bmp", "Rect": "236,680,32,40", "Center": "19,20" },
	"character_sonic_0xc6":  { "File": "character_sonic.bmp", "Rect": "292,680,32,40", "Center": "18,20" },
	"character_sonic_0xc7":  { "File": "character_sonic.bmp", "Rect": "348,680,32,40", "Center": "19,20" },
	"character_sonic_0xc8":  { "File": "character_sonic.bmp", "Rect": "258,386,43,30", "Center": "21,15" },
	"character_sonic_0xc9":  { "File": "character_sonic.bmp", "Rect": "205,386,37,30", "Center": "17,15" },
	"character_sonic_0xca":  { "File": "character_sonic.bmp", "Rect": "160,386,29,30", "Center": "15,15" },
	"character_sonic_0xcb":  { "File": "character_sonic.bmp", "Rect": "748,386,37,30", "Center": "19,15" },
	"character_sonic_0xcc":  { "File": "character_sonic.bmp", "Rect": "788,386,43,30", "Center": "21,15" },
	"character_sonic_0xcd":  { "File": "character_sonic.bmp", "Rect": "832,387,34,29", "Center": "17,15" },
	"character_sonic_0xce":  { "File": "character_sonic.bmp", "Rect": "368,386,29,30", "Center": "15,15" },
	"character_sonic_0xcf":  { "File": "character_sonic.bmp", "Rect": "318,387,34,29", "Center": "17,15" },
	"character_sonic_0xd0":  { "File": "character_sonic.bmp", "Rect": "620,448,46,32", "Center": "23,16" },
	"character_sonic_0xd1":  { "File": "character_sonic.bmp", "Rect": "557,448,46,32", "Center": "23,16" },
	"character_sonic_0xd2":  { "File": "character_sonic.bmp", "Rect": "493,593,24,30", "Center": "12,15" },
	"character_sonic_0xd3":  { "File": "character_sonic.bmp", "Rect": "534,576,32,47", "Center": "16,23" },
	"character_sonic_0xd4":  { "File": "character_sonic.bmp", "Rect": "627,575,28,48", "Center": "14,24" },
	"character_sonic_0xd5":  { "File": "character_sonic.bmp", "Rect": "582,576,28,47", "Center": "14,24" },
	"character_sonic_0xd6":  { "File": "character_sonic.bmp", "Rect": "627,575,28,48", "Center": "14,24" },
	"character_sonic_0xd7":  { "File": "character_sonic.bmp", "Rect": "620,448,46,32", "Center": "23,16" },
	"character_sonic_0xd8":  { "File": "character_sonic.bmp", "Rect": "557,448,46,32", "Center": "23,16" },
	"character_sonic_0xd9":  { "File": "character_sonic.bmp", "Rect": "476,36,40,44", "Center": "25,24" },
	"character_sonic_0xda":  { "File": "character_sonic.bmp", "Rect": "516,736,32,40", "Center": "16,20" },
	"character_sonic_0xdb":  { "File": "character_sonic.bmp", "Rect": "572,736,32,40", "Center": "16,20" },
	"character_sonic_0xdc":  { "File": "character_sonic.bmp", "Rect": "628,736,32,40", "Center": "16,20" },
	"character_sonic_0xdd":  { "File": "character_sonic.bmp", "Rect": "684,736,32,40", "Center": "16,20" },
	"character_sonic_0xde":  { "File": "character_sonic.bmp", "Rect": "740,736,32,40", "Center": "16,20" },
	"character_sonic_0xdf":  { "File": "character_sonic.bmp", "Rect": "796,736,32,40", "Center": "16,20" },
	"character_sonic_0xe0":  { "File": "character_sonic.bmp", "Rect": "856,740,24,32", "Center": "12,16" },
	"character_sonic_0xe1":  { "File": "character_sonic.bmp", "Rect": "16,792,24,40", "Center": "12,20" },
	"character_sonic_0xe2":  { "File": "character_sonic.bmp", "Rect": "68,792,32,40", "Center": "16,20" },
	"character_sonic_0xe3":  { "File": "character_sonic.bmp", "Rect": "120,788,40,48", "Center": "20,24" },
	"character_sonic_0xe4":  { "File": "character_sonic.bmp", "Rect": "180,788,32,48", "Center": "16,24" },
	"character_sonic_0xe5":  { "File": "character_sonic.bmp", "Rect": "236,788,32,48", "Center": "16,24" },
	"character_sonic_0xe6":  { "File": "character_sonic.bmp", "Rect": "292,788,32,48", "Center": "16,24" },
	"character_sonic_0xe7":  { "File": "character_sonic.bmp", "Rect": "352,788,24,48", "Center": "12,24" },
	"character_sonic_0xe8":  { "File": "character_sonic.bmp", "Rect": "404,788,32,48", "Center": "16,24" },
	"character_sonic_0xe9":  { "File": "character_sonic.bmp", "Rect": "460,788,32,48", "Center": "16,24" },
	"character_sonic_0xea":  { "File": "character_sonic.bmp", "Rect": "520,788,24,48", "Center": "12,24" },
	"character_sonic_0xeb":  { "File": "character_sonic.bmp", "Rect": "568,788,40,48", "Center": "20,24" },
	"character_sonic_0xec":  { "File": "character_sonic.bmp", "Rect": "620,792,48,40", "Center": "24,20" },
	"character_sonic_0xed":  { "File": "character_sonic.bmp", "Rect": "684,788,32,48", "Center": "16,24" },
	"character_sonic_0xee":  { "File": "character_sonic.bmp", "Rect": "732,792,48,40", "Center": "24,20" },
	"character_sonic_0xef":  { "File": "character_sonic.bmp", "Rect": "796,792,32,40", "Center": "16,20" },
	"character_sonic_0xf0":  { "File": "character_sonic.bmp", "Rect": "852,792,32,40", "Center": "16,20" },
	"character_sonic_0xf1":  { "File": "character_sonic.bmp", "Rect": "16,848,24,40", "Center": "12,20" },
	"character_sonic_0xf2":  { "File": "character_sonic.bmp", "Rect": "72,848,24,40", "Center": "12,20" },
	"character_sonic_0xf3":  { "File": "character_sonic.bmp", "Rect": "128,848,24,40", "Center": "12,20" },
	"character_sonic_0xf4":  { "File": "character_sonic.bmp", "Rect": "180,848,32,40", "Center": "16,20" },
	"character_sonic_0xf5":  { "File": "character_sonic.bmp", "Rect": "236,848,32,40", "Center": "16,20" },
	"character_sonic_0xf6":  { "File": "character_sonic.bmp", "Rect": "292,848,32,40", "Center": "16,20" },
	"character_sonic_0xf7":  { "File": "character_sonic.bmp", "Rect": "352,848,24,40", "Center": "12,20" },
	"character_sonic_0xf8":  { "File": "character_sonic.bmp", "Rect": "408,848,24,40", "Center": "12,20" },
	"character_sonic_0xf9":  { "File": "character_sonic.bmp", "Rect": "464,848,24,40", "Center": "12,20" },
	"character_sonic_0xfa":  { "File": "character_sonic.bmp", "Rect": "516,848,32,40", "Center": "16,20" }
}