{
	"Result_NamePlate_Sonic":  { "File": "Result_NamePlate_Sonic.png", "Rect": "0,0,72,16", "Center": "0,0" },
	"Result_NamePlate_Miles":  { "File": "Result_NamePlate_Miles.png", "Rect": "0,0,72,16", "Center": "-6,0" },
	"Result_NamePlate_Tails":  { "File": "Result_NamePlate_Tails.png", "Rect": "0,0,64,16", "Center": "0,0" },
	"Result_NamePlate_Knuckles":  { "File": "Result_NamePlate_Knuckles.png", "Rect": "0,0,120,16", "Center": "-4,0" },
	"Result_NamePlate_SuperS":  { "File": "Result_NamePlate_SuperS.png", "Rect": "0,0,80,16", "Center": "0,0" },
	"Result_NamePlate_SuperT":  { "File": "Result_NamePlate_SuperT.png", "Rect": "0,0,80,16", "Center": "0,0" },
	"Result_NamePlate_SuperK":  { "File": "Result_NamePlate_SuperK.png", "Rect": "0,0,80,16", "Center": "0,0" },
	"Result_NamePlate_HyperS":  { "File": "Result_NamePlate_HyperS.png", "Rect": "0,0,80,16", "Center": "0,0" },
	"Result_NamePlate_HyperT":  { "File": "Result_NamePlate_HyperT.png", "Rect": "0,0,80,16", "Center": "0,0" },
	"Result_NamePlate_HyperK":  { "File": "Result_NamePlate_HyperK.png", "Rect": "0,0,80,16", "Center": "0,0" },
}