{
	"bluesphere_slot1_0x01": { "File": "bluesphere_slot1.png", "Rect": "0,8,32,40", "Center": "16,35" },
	"bluesphere_slot1_0x02": { "File": "bluesphere_slot1.png", "Rect": "32,4,32,48", "Center": "16,43" },
	"bluesphere_slot1_0x03": { "File": "bluesphere_slot1.png", "Rect": "64,0,32,56", "Center": "16,43" },
	"bluesphere_slot1_0x04": { "File": "bluesphere_slot1.png", "Rect": "96,0,32,56", "Center": "16,43" },
	"bluesphere_slot1_0x05": { "File": "bluesphere_slot1.png", "Rect": "128,0,32,56", "Center": "18,43" },
	"bluesphere_slot1_0x06": { "File": "bluesphere_slot1.png", "Rect": "160,0,32,56", "Center": "17,43" },
	"bluesphere_slot1_0x07": { "File": "bluesphere_slot1.png", "Rect": "192,0,32,56", "Center": "17,43" },
	"bluesphere_slot1_0x08": { "File": "bluesphere_slot1.png", "Rect": "224,0,32,56", "Center": "16,43" },
	"bluesphere_slot1_0x09": { "File": "bluesphere_slot1.png", "Rect": "256,12,32,32", "Center": "16,38" },
	"bluesphere_slot1_0x0a": { "File": "bluesphere_slot1.png", "Rect": "288,12,32,32", "Center": "16,38" },
	"bluesphere_slot1_0x0b": { "File": "bluesphere_slot1.png", "Rect": "320,12,32,32", "Center": "16,38" }
}
