{
	"character_slot2_0xad": { "File": "character_slot2_standing.png", "Rect": "8,8,40,48", "Center": "24,28" },
	"character_slot2_0xae": { "File": "character_slot2_standing.png", "Rect": "8,8,40,48", "Center": "24,28" },
	"character_slot2_0xaf": { "File": "character_slot2_standing.png", "Rect": "8,8,40,48", "Center": "24,28" },
	"character_slot2_0xba": { "File": "character_slot2_standing.png", "Rect": "8,8,40,48", "Center": "24,28" },
	"character_slot2_0xbb": { "File": "character_slot2_standing.png", "Rect": "8,8,40,48", "Center": "24,28" },
	"character_slot2_0xbc": { "File": "character_slot2_standing.png", "Rect": "8,8,40,48", "Center": "24,28" },
	"character_slot2_0xbd": { "File": "character_slot2_standing.png", "Rect": "8,8,40,48", "Center": "24,28" },
	"character_slot2_0xbe": { "File": "character_slot2_standing.png", "Rect": "8,8,40,48", "Center": "24,28" },
	"character_slot2_0xbf": { "File": "character_slot2_standing.png", "Rect": "8,8,40,48", "Center": "24,28" },
	"character_slot2_0xc0": { "File": "character_slot2_standing.png", "Rect": "8,8,40,48", "Center": "24,28" },
	"character_slot2_0xd9": { "File": "character_slot2_standing.png", "Rect": "8,8,40,48", "Center": "24,28" }
}
