{
	"character_superslot2_0xad": { "File": "character_superslot2_standing.png", "Rect": "8,8,40,48", "Center": "24,28" },
	"character_superslot2_0xae": { "File": "character_superslot2_standing.png", "Rect": "8,8,40,48", "Center": "24,28" },
	"character_superslot2_0xaf": { "File": "character_superslot2_standing.png", "Rect": "8,8,40,48", "Center": "24,28" },
	"character_superslot2_0xba": { "File": "character_superslot2_standing.png", "Rect": "8,8,40,48", "Center": "24,28" },
	"character_superslot2_0xbb": { "File": "character_superslot2_standing.png", "Rect": "8,8,40,48", "Center": "24,28" },
	"character_superslot2_0xbc": { "File": "character_superslot2_standing.png", "Rect": "8,8,40,48", "Center": "24,28" },
	"character_superslot2_0xbd": { "File": "character_superslot2_standing.png", "Rect": "8,8,40,48", "Center": "24,28" },
	"character_superslot2_0xbe": { "File": "character_superslot2_standing.png", "Rect": "8,8,40,48", "Center": "24,28" },
	"character_superslot2_0xbf": { "File": "character_superslot2_standing.png", "Rect": "8,8,40,48", "Center": "24,28" },
	"character_superslot2_0xc0": { "File": "character_superslot2_standing.png", "Rect": "8,8,40,48", "Center": "24,28" },
	"character_superslot2_0xd9": { "File": "character_superslot2_standing.png", "Rect": "8,8,40,48", "Center": "24,28" }
}
