{
	"character_superslot1_0x03":  { "File": "character_superslot1.png", "Rect": "8,4,40,48", "Center": "20,28" },
	"character_superslot1_0x04":  { "File": "character_superslot1.png", "Rect": "64,4,40,48", "Center": "20,27" },
	"character_superslot1_0x05":  { "File": "character_superslot1.png", "Rect": "124,4,32,48", "Center": "20,26" },
	"character_superslot1_0x06":  { "File": "character_superslot1.png", "Rect": "179,4,34,48", "Center": "20,28" },
	"character_superslot1_0x07":  { "File": "character_superslot1.png", "Rect": "231,4,42,48", "Center": "20,28" },
	"character_superslot1_0x08":  { "File": "character_superslot1.png", "Rect": "287,4,41,48", "Center": "20,27" },
	"character_superslot1_0x01":  { "File": "character_superslot1.png", "Rect": "348,4,32,48", "Center": "20,26" },
	"character_superslot1_0x02":  { "File": "character_superslot1.png", "Rect": "404,4,32,48", "Center": "20,28" },
	"character_superslot1_0x0b":  { "File": "character_superslot1.png", "Rect": "448,2,48,50", "Center": "29,23" },
	"character_superslot1_0x0c":  { "File": "character_superslot1.png", "Rect": "503,6,53,42", "Center": "26,19" },
	"character_superslot1_0x0d":  { "File": "character_superslot1.png", "Rect": "560,8,48,40", "Center": "28,20" },
	"character_superslot1_0x0e":  { "File": "character_superslot1.png", "Rect": "615,8,53,40", "Center": "26,20" },
	"character_superslot1_0x0f":  { "File": "character_superslot1.png", "Rect": "672,2,48,50", "Center": "29,23" },
	"character_superslot1_0x10":  { "File": "character_superslot1.png", "Rect": "728,4,52,48", "Center": "25,20" },
	"character_superslot1_0x09":  { "File": "character_superslot1.png", "Rect": "784,7,48,41", "Center": "28,20" },
	"character_superslot1_0x0a":  { "File": "character_superslot1.png", "Rect": "842,8,46,40", "Center": "27,21" },
	"character_superslot1_0x13":  { "File": "character_superslot1.png", "Rect": "4,64,48,40", "Center": "27,21" },
	"character_superslot1_0x14":  { "File": "character_superslot1.png", "Rect": "60,64,48,40", "Center": "26,21" },
	"character_superslot1_0x15":  { "File": "character_superslot1.png", "Rect": "116,68,48,32", "Center": "25,13" },
	"character_superslot1_0x16":  { "File": "character_superslot1.png", "Rect": "172,67,48,34", "Center": "27,15" },
	"character_superslot1_0x17":  { "File": "character_superslot1.png", "Rect": "228,63,48,42", "Center": "27,23" },
	"character_superslot1_0x18":  { "File": "character_superslot1.png", "Rect": "284,63,48,41", "Center": "26,22" },
	"character_superslot1_0x11":  { "File": "character_superslot1.png", "Rect": "340,68,48,32", "Center": "25,13" },
	"character_superslot1_0x12":  { "File": "character_superslot1.png", "Rect": "396,68,48,32", "Center": "27,13" },
	"character_superslot1_0x1b":  { "File": "character_superslot1.png", "Rect": "450,64,50,48", "Center": "21,16" },
	"character_superslot1_0x1c":  { "File": "character_superslot1.png", "Rect": "510,60,42,53", "Center": "17,24" },
	"character_superslot1_0x1d":  { "File": "character_superslot1.png", "Rect": "568,64,40,48", "Center": "18,17" },
	"character_superslot1_0x1e":  { "File": "character_superslot1.png", "Rect": "623,60,41,53", "Center": "19,24" },
	"character_superslot1_0x1f":  { "File": "character_superslot1.png", "Rect": "674,64,50,48", "Center": "21,16" },
	"character_superslot1_0x20":  { "File": "character_superslot1.png", "Rect": "732,60,48,52", "Center": "18,24" },
	"character_superslot1_0x19":  { "File": "character_superslot1.png", "Rect": "791,64,41,48", "Center": "19,17" },
	"character_superslot1_0x1a":  { "File": "character_superslot1.png", "Rect": "848,64,40,46", "Center": "19,16" },
	"character_superslot1_0x21":  { "File": "character_superslot1.png", "Rect": "8,120,40,40", "Center": "22,21" },
	"character_superslot1_0x22":  { "File": "character_superslot1.png", "Rect": "64,120,40,40", "Center": "22,21" },
	"character_superslot1_0x23":  { "File": "character_superslot1.png", "Rect": "120,120,40,40", "Center": "22,21" },
	"character_superslot1_0x24":  { "File": "character_superslot1.png", "Rect": "176,120,40,40", "Center": "22,21" },
	"character_superslot1_0x25":  { "File": "character_superslot1.png", "Rect": "232,116,40,48", "Center": "24,22" },
	"character_superslot1_0x26":  { "File": "character_superslot1.png", "Rect": "288,116,40,48", "Center": "24,23" },
	"character_superslot1_0x27":  { "File": "character_superslot1.png", "Rect": "344,116,40,48", "Center": "24,22" },
	"character_superslot1_0x28":  { "File": "character_superslot1.png", "Rect": "400,116,40,48", "Center": "24,23" },
	"character_superslot1_0x29":  { "File": "character_superslot1.png", "Rect": "456,120,40,40", "Center": "22,18" },
	"character_superslot1_0x2a":  { "File": "character_superslot1.png", "Rect": "512,120,40,40", "Center": "22,18" },
	"character_superslot1_0x2b":  { "File": "character_superslot1.png", "Rect": "568,120,40,40", "Center": "22,18" },
	"character_superslot1_0x2c":  { "File": "character_superslot1.png", "Rect": "624,120,40,40", "Center": "22,18" },
	"character_superslot1_0x2d":  { "File": "character_superslot1.png", "Rect": "676,120,48,40", "Center": "22,16" },
	"character_superslot1_0x2e":  { "File": "character_superslot1.png", "Rect": "732,120,48,40", "Center": "23,16" },
	"character_superslot1_0x2f":  { "File": "character_superslot1.png", "Rect": "788,120,48,40", "Center": "22,16" },
	"character_superslot1_0x30":  { "File": "character_superslot1.png", "Rect": "844,120,48,40", "Center": "23,16" },
	"character_superslot1_0x31":  { "File": "character_superslot1.png", "Rect": "9,172,35,44", "Center": "18,24" },
	"character_superslot1_0x32":  { "File": "character_superslot1.png", "Rect": "66,176,34,40", "Center": "16,22" },
	"character_superslot1_0x33":  { "File": "character_superslot1.png", "Rect": "124,180,32,32", "Center": "16,15" },
	"character_superslot1_0x34":  { "File": "character_superslot1.png", "Rect": "178,180,34,32", "Center": "16,17" },
	"character_superslot1_0x35":  { "File": "character_superslot1.png", "Rect": "235,179,33,36", "Center": "13,16" },
	"character_superslot1_0x36":  { "File": "character_superslot1.png", "Rect": "292,176,32,44", "Center": "16,19" },
	"character_superslot1_0x37":  { "File": "character_superslot1.png", "Rect": "345,175,35,46", "Center": "20,19" },
	"character_superslot1_0x38":  { "File": "character_superslot1.png", "Rect": "404,175,28,41", "Center": "16,17" },
	"character_superslot1_0x39":  { "File": "character_superslot1.png", "Rect": "460,180,32,32", "Center": "15,18" },
	"character_superslot1_0x3a":  { "File": "character_superslot1.png", "Rect": "516,180,32,32", "Center": "18,16" },
	"character_superslot1_0x3b":  { "File": "character_superslot1.png", "Rect": "574,176,26,40", "Center": "15,20" },
	"character_superslot1_0x3c":  { "File": "character_superslot1.png", "Rect": "631,176,25,41", "Center": "13,20" },
	"character_superslot1_0x3d":  { "File": "character_superslot1.png", "Rect": "688,172,24,48", "Center": "16,26" },
	"character_superslot1_0x3e":  { "File": "character_superslot1.png", "Rect": "744,177,24,35", "Center": "15,19" },
	"character_superslot1_0x3f":  { "File": "character_superslot1.png", "Rect": "795,180,33,32", "Center": "20,15" },
	"character_superslot1_0x40":  { "File": "character_superslot1.png", "Rect": "852,180,32,32", "Center": "18,14" },
	"character_superslot1_0x41":  { "File": "character_superslot1.png", "Rect": "12,232,32,40", "Center": "18,17" },
	"character_superslot1_0x42":  { "File": "character_superslot1.png", "Rect": "66,232,34,44", "Center": "20,20" },
	"character_superslot1_0x43":  { "File": "character_superslot1.png", "Rect": "127,232,25,40", "Center": "14,20" },
	"character_superslot1_0x44":  { "File": "character_superslot1.png", "Rect": "182,236,26,32", "Center": "16,16" },
	"character_superslot1_0x45":  { "File": "character_superslot1.png", "Rect": "234,240,34,24", "Center": "18,10" },
	"character_superslot1_0x46":  { "File": "character_superslot1.png", "Rect": "296,236,24,32", "Center": "15,13" },
	"character_superslot1_0x47":  { "File": "character_superslot1.png", "Rect": "348,232,28,40", "Center": "19,21" },
	"character_superslot1_0x48":  { "File": "character_superslot1.png", "Rect": "400,227,36,45", "Center": "22,25" },
	"character_superslot1_0x49":  { "File": "character_superslot1.png", "Rect": "456,224,40,48", "Center": "21,30" },
	"character_superslot1_0x4a":  { "File": "character_superslot1.png", "Rect": "516,223,33,53", "Center": "14,24" },
	"character_superslot1_0x4b":  { "File": "character_superslot1.png", "Rect": "572,231,32,37", "Center": "16,22" },
	"character_superslot1_0x4c":  { "File": "character_superslot1.png", "Rect": "628,234,32,34", "Center": "14,18" },
	"character_superslot1_0x4d":  { "File": "character_superslot1.png", "Rect": "684,236,32,32", "Center": "15,18" },
	"character_superslot1_0x4e":  { "File": "character_superslot1.png", "Rect": "736,236,37,32", "Center": "20,18" },
	"character_superslot1_0x4f":  { "File": "character_superslot1.png", "Rect": "791,232,41,40", "Center": "22,24" },
	"character_superslot1_0x50":  { "File": "character_superslot1.png", "Rect": "845,232,43,40", "Center": "23,22" },
	"character_superslot1_0x51":  { "File": "character_superslot1.png", "Rect": "7,292,37,32", "Center": "22,18" },
	"character_superslot1_0x52":  { "File": "character_superslot1.png", "Rect": "68,292,32,32", "Center": "15,17" },
	"character_superslot1_0x53":  { "File": "character_superslot1.png", "Rect": "120,292,40,32", "Center": "23,19" },
	"character_superslot1_0x54":  { "File": "character_superslot1.png", "Rect": "176,289,40,35", "Center": "17,19" },
	"character_superslot1_0x55":  { "File": "character_superslot1.png", "Rect": "230,283,38,45", "Center": "23,25" },
	"character_superslot1_0x56":  { "File": "character_superslot1.png", "Rect": "288,283,36,45", "Center": "22,25" },
	"character_superslot1_0x57":  { "File": "character_superslot1.png", "Rect": "343,283,37,45", "Center": "22,25" },
	"character_superslot1_0x58":  { "File": "character_superslot1.png", "Rect": "408,283,25,45", "Center": "13,25" },
	"character_superslot1_0x59":  { "File": "character_superslot1.png", "Rect": "460,283,36,45", "Center": "17,25" },
	"character_superslot1_0x5a":  { "File": "character_superslot1.png", "Rect": "516,283,34,45", "Center": "17,25" },
	"character_superslot1_0x5b":  { "File": "character_superslot1.png", "Rect": "576,283,25,45", "Center": "13,25" },
	"character_superslot1_0x5c":  { "File": "character_superslot1.png", "Rect": "619,294,49,26", "Center": "21,13" },
	"character_superslot1_0x5d":  { "File": "character_superslot1.png", "Rect": "684,296,32,24", "Center": "4,13" },
	"character_superslot1_0x5e":  { "File": "character_superslot1.png", "Rect": "736,296,40,24", "Center": "30,12" },
	"character_superslot1_0x5f":  { "File": "character_superslot1.png", "Rect": "788,294,49,26", "Center": "27,13" },
	"character_superslot1_0x60":  { "File": "character_superslot1.png", "Rect": "852,296,32,24", "Center": "10,13" },
	"character_superslot1_0x61":  { "File": "character_superslot1.png", "Rect": "8,352,40,24", "Center": "38,13" },
	"character_superslot1_0x62":  { "File": "character_superslot1.png", "Rect": "62,341,42,39", "Center": "22,23" },
	"character_superslot1_0x63":  { "File": "character_superslot1.png", "Rect": "126,339,26,49", "Center": "13,25" },
	"character_superslot1_0x64":  { "File": "character_superslot1.png", "Rect": "184,348,24,32", "Center": "13,15" },
	"character_superslot1_0x65":  { "File": "character_superslot1.png", "Rect": "240,344,24,40", "Center": "12,21" },
	"character_superslot1_0x66":  { "File": "character_superslot1.png", "Rect": "294,340,26,49", "Center": "13,24" },
	"character_superslot1_0x67":  { "File": "character_superslot1.png", "Rect": "352,348,24,32", "Center": "13,16" },
	"character_superslot1_0x68":  { "File": "character_superslot1.png", "Rect": "408,344,24,40", "Center": "13,24" },
	"character_superslot1_0x69":  { "File": "character_superslot1.png", "Rect": "456,344,36,40", "Center": "19,19" },
	"character_superslot1_0x6a":  { "File": "character_superslot1.png", "Rect": "514,344,34,40", "Center": "17,19" },
	"character_superslot1_0x6b":  { "File": "character_superslot1.png", "Rect": "572,348,32,33", "Center": "20,19" },
	"character_superslot1_0x6c":  { "File": "character_superslot1.png", "Rect": "620,348,44,32", "Center": "23,19" },
	"character_superslot1_0x6d":  { "File": "character_superslot1.png", "Rect": "675,348,46,36", "Center": "26,18" },
	"character_superslot1_0x6e":  { "File": "character_superslot1.png", "Rect": "736,348,40,33", "Center": "21,18" },
	"character_superslot1_0x6f":  { "File": "character_superslot1.png", "Rect": "796,348,32,32", "Center": "15,18" },
	"character_superslot1_0x70":  { "File": "character_superslot1.png", "Rect": "852,348,32,33", "Center": "16,19" },
	"character_superslot1_0x71":  { "File": "character_superslot1.png", "Rect": "10,404,38,32", "Center": "20,16" },
	"character_superslot1_0x72":  { "File": "character_superslot1.png", "Rect": "64,404,41,32", "Center": "20,16" },
	"character_superslot1_0x73":  { "File": "character_superslot1.png", "Rect": "120,404,45,35", "Center": "20,19" },
	"character_superslot1_0x74":  { "File": "character_superslot1.png", "Rect": "179,404,35,34", "Center": "18,20" },
	"character_superslot1_0x75":  { "File": "character_superslot1.png", "Rect": "237,404,29,32", "Center": "14,16" },
	"character_superslot1_0x76":  { "File": "character_superslot1.png", "Rect": "292,404,32,32", "Center": "16,16" },
	"character_superslot1_0x77":  { "File": "character_superslot1.png", "Rect": "345,407,36,27", "Center": "19,15" },
	"character_superslot1_0x78":  { "File": "character_superslot1.png", "Rect": "396,396,44,48", "Center": "19,26" },
	"character_superslot1_0x79":  { "File": "character_superslot1.png", "Rect": "448,400,52,40", "Center": "33,29" },
	"character_superslot1_0x7a":  { "File": "character_superslot1.png", "Rect": "508,400,48,44", "Center": "27,24" },
	"character_superslot1_0x7b":  { "File": "character_superslot1.png", "Rect": "568,396,40,52", "Center": "30,19" },
	"character_superslot1_0x7c":  { "File": "character_superslot1.png", "Rect": "624,396,44,48", "Center": "26,21" },
	"character_superslot1_0x7d":  { "File": "character_superslot1.png", "Rect": "676,400,52,40", "Center": "21,9" },
	"character_superslot1_0x7e":  { "File": "character_superslot1.png", "Rect": "732,396,48,44", "Center": "22,17" },
	"character_superslot1_0x7f":  { "File": "character_superslot1.png", "Rect": "792,392,40,52", "Center": "11,32" },
	"character_superslot1_0x80":  { "File": "character_superslot1.png", "Rect": "848,391,40,53", "Center": "21,29" },
	"character_superslot1_0x81":  { "File": "character_superslot1.png", "Rect": "7,452,37,48", "Center": "27,24" },
	"character_superslot1_0x82":  { "File": "character_superslot1.png", "Rect": "68,451,32,49", "Center": "24,25" },
	"character_superslot1_0x83":  { "File": "character_superslot1.png", "Rect": "120,448,40,52", "Center": "26,28" },
	"character_superslot1_0x84":  { "File": "character_superslot1.png", "Rect": "180,449,32,51", "Center": "23,27" },
	"character_superslot1_0x85":  { "File": "character_superslot1.png", "Rect": "232,449,36,51", "Center": "25,27" },
	"character_superslot1_0x86":  { "File": "character_superslot1.png", "Rect": "292,460,32,32", "Center": "12,8" },
	"character_superslot1_0x87":  { "File": "character_superslot1.png", "Rect": "348,460,32,32", "Center": "12,8" },
	"character_superslot1_0x88":  { "File": "character_superslot1.png", "Rect": "404,460,32,32", "Center": "12,8" },
	"character_superslot1_0x89":  { "File": "character_superslot1.png", "Rect": "460,460,32,32", "Center": "12,8" },
	"character_superslot1_0x8a":  { "File": "character_superslot1.png", "Rect": "516,460,32,32", "Center": "12,8" },
	"character_superslot1_0x8b":  { "File": "character_superslot1.png", "Rect": "572,460,32,32", "Center": "12,8" },
	"character_superslot1_0x8c":  { "File": "character_superslot1.png", "Rect": "617,460,47,32", "Center": "27,16" },
	"character_superslot1_0x8d":  { "File": "character_superslot1.png", "Rect": "673,460,47,32", "Center": "27,16" },
	"character_superslot1_0x8e":  { "File": "character_superslot1.png", "Rect": "732,452,36,48", "Center": "27,24" },
	"character_superslot1_0x8f":  { "File": "character_superslot1.png", "Rect": "783,458,49,34", "Center": "34,22" },
	"character_superslot1_0x90":  { "File": "character_superslot1.png", "Rect": "848,452,36,48", "Center": "18,24" },
	"character_superslot1_0x91":  { "File": "character_superslot1.png", "Rect": "4,508,44,48", "Center": "18,26" },
	"character_superslot1_0x92":  { "File": "character_superslot1.png", "Rect": "60,509,44,43", "Center": "18,27" },
	"character_superslot1_0x93":  { "File": "character_superslot1.png", "Rect": "120,513,36,35", "Center": "18,27" },
	"character_superslot1_0x94":  { "File": "character_superslot1.png", "Rect": "180,507,32,49", "Center": "15,25" },
	"character_superslot1_0x95":  { "File": "character_superslot1.png", "Rect": "237,507,27,49", "Center": "13,25" },
	"character_superslot1_0x96":  { "File": "character_superslot1.png", "Rect": "292,516,32,32", "Center": "16,16" },
	"character_superslot1_0x97":  { "File": "character_superslot1.png", "Rect": "348,516,32,32", "Center": "16,16" },
	"character_superslot1_0x98":  { "File": "character_superslot1.png", "Rect": "404,516,32,32", "Center": "16,16" },
	"character_superslot1_0x99":  { "File": "character_superslot1.png", "Rect": "460,516,32,32", "Center": "16,16" },
	"character_superslot1_0x9a":  { "File": "character_superslot1.png", "Rect": "516,516,32,32", "Center": "16,16" },
	"character_superslot1_0x9b":  { "File": "character_superslot1.png", "Rect": "568,516,40,32", "Center": "16,12" },
	"character_superslot1_0x9c":  { "File": "character_superslot1.png", "Rect": "624,516,40,32", "Center": "16,12" },
	"character_superslot1_0x9d":  { "File": "character_superslot1.png", "Rect": "680,509,40,43", "Center": "21,23" },
	"character_superslot1_0x9e":  { "File": "character_superslot1.png", "Rect": "736,509,40,43", "Center": "20,23" },
	"character_superslot1_0x9f":  { "File": "character_superslot1.png", "Rect": "796,511,32,41", "Center": "17,21" },
	"character_superslot1_0xa0":  { "File": "character_superslot1.png", "Rect": "852,509,32,43", "Center": "18,23" },
	"character_superslot1_0xa1":  { "File": "character_superslot1.png", "Rect": "7,564,42,48", "Center": "21,28" },
	"character_superslot1_0xa2":  { "File": "character_superslot1.png", "Rect": "63,564,42,48", "Center": "21,28" },
	"character_superslot1_0xa3":  { "File": "character_superslot1.png", "Rect": "120,564,40,48", "Center": "19,28" },
	"character_superslot1_0xa4":  { "File": "character_superslot1.png", "Rect": "175,564,42,48", "Center": "21,28" },
	"character_superslot1_0xa5":  { "File": "character_superslot1.png", "Rect": "231,564,42,48", "Center": "21,28" },
	"character_superslot1_0xa6":  { "File": "character_superslot1.png", "Rect": "288,564,40,48", "Center": "19,28" },
	"character_superslot1_0xa7":  { "File": "character_superslot1.png", "Rect": "344,562,40,47", "Center": "17,26" },
	"character_superslot1_0xa8":  { "File": "character_superslot1.png", "Rect": "400,568,40,40", "Center": "16,20" },
	"character_superslot1_0xa9":  { "File": "character_superslot1.png", "Rect": "456,568,40,41", "Center": "17,20" },
	"character_superslot1_0xaa":  { "File": "character_superslot1.png", "Rect": "504,572,56,28", "Center": "27,15" },
	"character_superslot1_0xab":  { "File": "character_superslot1.png", "Rect": "560,572,56,28", "Center": "27,15" },
	"character_superslot1_0xac":  { "File": "character_superslot1.png", "Rect": "617,567,47,41", "Center": "25,21" },
	"character_superslot1_0xad":  { "File": "character_superslot1.png", "Rect": "684,568,32,40", "Center": "18,20" },
	"character_superslot1_0xae":  { "File": "character_superslot1.png", "Rect": "740,568,32,40", "Center": "18,20" },
	"character_superslot1_0xaf":  { "File": "character_superslot1.png", "Rect": "792,568,40,40", "Center": "26,20" },
	"character_superslot1_0xb0":  { "File": "character_superslot1.png", "Rect": "852,568,32,40", "Center": "22,20" },
	"character_superslot1_0xb1":  { "File": "character_superslot1.png", "Rect": "12,624,32,40", "Center": "17,20" },
	"character_superslot1_0xb2":  { "File": "character_superslot1.png", "Rect": "68,624,32,40", "Center": "17,20" },
	"character_superslot1_0xb3":  { "File": "character_superslot1.png", "Rect": "124,624,32,40", "Center": "17,20" },
	"character_superslot1_0xb4":  { "File": "character_superslot1.png", "Rect": "184,616,28,56", "Center": "13,26" },
	"character_superslot1_0xb5":  { "File": "character_superslot1.png", "Rect": "240,616,28,56", "Center": "13,26" },
	"character_superslot1_0xb6":  { "File": "character_superslot1.png", "Rect": "292,620,32,48", "Center": "19,28" },
	"character_superslot1_0xb7":  { "File": "character_superslot1.png", "Rect": "348,620,32,48", "Center": "19,28" },
	"character_superslot1_0xb8":  { "File": "character_superslot1.png", "Rect": "404,620,32,48", "Center": "19,28" },
	"character_superslot1_0xb9":  { "File": "character_superslot1.png", "Rect": "460,620,32,48", "Center": "19,28" },
	"character_superslot1_0xba":  { "File": "character_superslot1.png", "Rect": "512,620,40,48", "Center": "26,28" },
	"character_superslot1_0xbb":  { "File": "character_superslot1.png", "Rect": "568,620,40,48", "Center": "26,28" },
	"character_superslot1_0xbc":  { "File": "character_superslot1.png", "Rect": "624,620,40,48", "Center": "26,28" },
	"character_superslot1_0xbd":  { "File": "character_superslot1.png", "Rect": "680,620,40,48", "Center": "26,28" },
	"character_superslot1_0xbe":  { "File": "character_superslot1.png", "Rect": "736,620,40,48", "Center": "26,28" },
	"character_superslot1_0xbf":  { "File": "character_superslot1.png", "Rect": "792,620,40,48", "Center": "26,28" },
	"character_superslot1_0xc0":  { "File": "character_superslot1.png", "Rect": "848,620,40,48", "Center": "26,28" },
	"character_superslot1_0xc1":  { "File": "character_superslot1.png", "Rect": "8,676,40,48", "Center": "26,28" },
	"character_superslot1_0xc2":  { "File": "character_superslot1.png", "Rect": "64,676,40,48", "Center": "26,28" },
	"character_superslot1_0xc3":  { "File": "character_superslot1.png", "Rect": "114,677,42,43", "Center": "31,23" },
	"character_superslot1_0xc4":  { "File": "character_superslot1.png", "Rect": "171,678,45,42", "Center": "34,20" },
	"character_superslot1_0xc5":  { "File": "character_superslot1.png", "Rect": "232,676,40,48", "Center": "26,28" },
	"character_superslot1_0xc6":  { "File": "character_superslot1.png", "Rect": "288,676,40,48", "Center": "26,28" },
	"character_superslot1_0xc7":  { "File": "character_superslot1.png", "Rect": "344,676,40,48", "Center": "26,28" },
	"character_superslot1_0xc8":  { "File": "character_superslot1.png", "Rect": "396,682,48,30", "Center": "31,18" },
	"character_superslot1_0xc9":  { "File": "character_superslot1.png", "Rect": "456,682,40,30", "Center": "19,18" },
	"character_superslot1_0xca":  { "File": "character_superslot1.png", "Rect": "516,682,32,30", "Center": "18,18" },
	"character_superslot1_0xcb":  { "File": "character_superslot1.png", "Rect": "568,682,40,30", "Center": "19,18" },
	"character_superslot1_0xcc":  { "File": "character_superslot1.png", "Rect": "620,682,48,30", "Center": "18,18" },
	"character_superslot1_0xcd":  { "File": "character_superslot1.png", "Rect": "680,683,40,29", "Center": "23,17" },
	"character_superslot1_0xce":  { "File": "character_superslot1.png", "Rect": "740,682,32,30", "Center": "18,18" },
	"character_superslot1_0xcf":  { "File": "character_superslot1.png", "Rect": "792,683,40,29", "Center": "17,17" },
	"character_superslot1_0xd0":  { "File": "character_superslot1.png", "Rect": "841,684,47,32", "Center": "27,8" },
	"character_superslot1_0xd1":  { "File": "character_superslot1.png", "Rect": "1,740,47,32", "Center": "27,8" },
	"character_superslot1_0xd2":  { "File": "character_superslot1.png", "Rect": "72,740,24,32", "Center": "11,16" },
	"character_superslot1_0xd3":  { "File": "character_superslot1.png", "Rect": "124,732,32,48", "Center": "12,25" },
	"character_superslot1_0xd4":  { "File": "character_superslot1.png", "Rect": "180,732,32,48", "Center": "15,24" },
	"character_superslot1_0xd5":  { "File": "character_superslot1.png", "Rect": "236,732,32,48", "Center": "15,24" },
	"character_superslot1_0xd6":  { "File": "character_superslot1.png", "Rect": "292,732,32,48", "Center": "15,24" },
	"character_superslot1_0xd7":  { "File": "character_superslot1.png", "Rect": "337,740,47,32", "Center": "27,8" },
	"character_superslot1_0xd8":  { "File": "character_superslot1.png", "Rect": "393,740,47,32", "Center": "27,8" },
	"character_superslot1_0xd9":  { "File": "character_superslot1.png", "Rect": "456,736,40,40", "Center": "24,20" },
	"character_superslot1_0xda":  { "File": "character_superslot1.png", "Rect": "516,734,32,43", "Center": "16,22" },
	"character_superslot1_0xdb":  { "File": "character_superslot1.png", "Rect": "572,734,32,43", "Center": "16,22" },
	"character_superslot1_0xdc":  { "File": "character_superslot1.png", "Rect": "628,734,32,43", "Center": "16,22" },
	"character_superslot1_0xdd":  { "File": "character_superslot1.png", "Rect": "684,734,32,43", "Center": "16,22" },
	"character_superslot1_0xde":  { "File": "character_superslot1.png", "Rect": "740,734,32,43", "Center": "16,22" },
	"character_superslot1_0xdf":  { "File": "character_superslot1.png", "Rect": "796,734,32,43", "Center": "16,22" },
	"character_superslot1_0xe0":  { "File": "character_superslot1.png", "Rect": "854,739,26,33", "Center": "14,17" },
	"character_superslot1_0xe1":  { "File": "character_superslot1.png", "Rect": "16,792,24,40", "Center": "12,18" },
	"character_superslot1_0xe2":  { "File": "character_superslot1.png", "Rect": "68,788,32,44", "Center": "16,24" },
	"character_superslot1_0xe3":  { "File": "character_superslot1.png", "Rect": "120,785,40,51", "Center": "20,26" },
	"character_superslot1_0xe4":  { "File": "character_superslot1.png", "Rect": "174,788,38,48", "Center": "20,24" },
	"character_superslot1_0xe5":  { "File": "character_superslot1.png", "Rect": "232,788,36,48", "Center": "18,24" },
	"character_superslot1_0xe6":  { "File": "character_superslot1.png", "Rect": "288,788,36,48", "Center": "18,24" },
	"character_superslot1_0xe7":  { "File": "character_superslot1.png", "Rect": "352,787,25,49", "Center": "12,25" },
	"character_superslot1_0xe8":  { "File": "character_superslot1.png", "Rect": "404,788,36,48", "Center": "16,22" },
	"character_superslot1_0xe9":  { "File": "character_superslot1.png", "Rect": "460,788,34,48", "Center": "16,23" },
	"character_superslot1_0xea":  { "File": "character_superslot1.png", "Rect": "520,787,25,49", "Center": "12,25" },
	"character_superslot1_0xeb":  { "File": "character_superslot1.png", "Rect": "568,788,40,48", "Center": "20,24" },
	"character_superslot1_0xec":  { "File": "character_superslot1.png", "Rect": "620,792,48,40", "Center": "24,20" },
	"character_superslot1_0xed":  { "File": "character_superslot1.png", "Rect": "684,788,32,48", "Center": "16,24" },
	"character_superslot1_0xee":  { "File": "character_superslot1.png", "Rect": "732,792,48,40", "Center": "24,20" },
	"character_superslot1_0xef":  { "File": "character_superslot1.png", "Rect": "790,792,41,40", "Center": "11,17" },
	"character_superslot1_0xf0":  { "File": "character_superslot1.png", "Rect": "848,792,37,40", "Center": "12,17" },
	"character_superslot1_0xf1":  { "File": "character_superslot1.png", "Rect": "11,848,33,40", "Center": "11,17" },
	"character_superslot1_0xf2":  { "File": "character_superslot1.png", "Rect": "71,848,25,40", "Center": "12,17" },
	"character_superslot1_0xf3":  { "File": "character_superslot1.png", "Rect": "124,848,33,40", "Center": "22,17" },
	"character_superslot1_0xf4":  { "File": "character_superslot1.png", "Rect": "179,848,37,40", "Center": "25,17" },
	"character_superslot1_0xf5":  { "File": "character_superslot1.png", "Rect": "233,848,41,40", "Center": "30,17" },
	"character_superslot1_0xf6":  { "File": "character_superslot1.png", "Rect": "287,848,37,40", "Center": "24,17" },
	"character_superslot1_0xf7":  { "File": "character_superslot1.png", "Rect": "348,848,32,40", "Center": "21,17" },
	"character_superslot1_0xf8":  { "File": "character_superslot1.png", "Rect": "408,848,25,40", "Center": "12,17" },
	"character_superslot1_0xf9":  { "File": "character_superslot1.png", "Rect": "460,848,32,40", "Center": "11,17" },
	"character_superslot1_0xfa":  { "File": "character_superslot1.png", "Rect": "516,848,37,40", "Center": "13,17" }
}