{
	"character_slot2_0x01": { "File": "character_slot2_walking.png", "Rect": "8,8,40,48", "Center": "24,28" },
	"character_slot2_0x02": { "File": "character_slot2_walking.png", "Rect": "64,8,40,48", "Center": "24,28" },
	"character_slot2_0x03": { "File": "character_slot2_walking.png", "Rect": "8,8,40,48", "Center": "24,28" },
	"character_slot2_0x04": { "File": "character_slot2_walking.png", "Rect": "64,8,40,48", "Center": "24,28" },
	"character_slot2_0x05": { "File": "character_slot2_walking.png", "Rect": "8,8,40,48", "Center": "24,28" },
	"character_slot2_0x06": { "File": "character_slot2_walking.png", "Rect": "64,8,40,48", "Center": "24,28" },
	"character_slot2_0x07": { "File": "character_slot2_walking.png", "Rect": "8,8,40,48", "Center": "24,28" },
	"character_slot2_0x08": { "File": "character_slot2_walking.png", "Rect": "64,8,40,48", "Center": "24,28" }
}
