{
	"character_superslot2_0x96": { "File": "character_superslot2_misc1.png", "Rect": "8,8,40,48", "Center": "24,28" },
	"character_superslot2_0x97": { "File": "character_superslot2_misc1.png", "Rect": "64,8,40,48", "Center": "24,28" },
	"character_superslot2_0x98": { "File": "character_superslot2_misc1.png", "Rect": "120,8,40,48", "Center": "24,28" },
	"character_superslot2_0x99": { "File": "character_superslot2_misc1.png", "Rect": "176,8,40,48", "Center": "24,28" },
	"character_superslot2_0x9a": { "File": "character_superslot2_misc1.png", "Rect": "232,8,40,48", "Center": "24,28" },
	"character_superslot2_0x9b": { "File": "character_superslot2_misc1.png", "Rect": "288,8,40,48", "Center": "24,28" },
	"character_superslot2_0x9c": { "File": "character_superslot2_misc1.png", "Rect": "288,8,40,48", "Center": "24,28" }
}
